CREATE DATABASE IF NOT EXISTS netflix_analytics;
USE netflix_analytics;

CREATE TABLE Users (
    user_id INT PRIMARY KEY,
    full_name VARCHAR(100),
    age INT,
    country VARCHAR(50),
    subscription_type VARCHAR(20),
    join_date DATE
);


CREATE TABLE Content (
    content_id INT PRIMARY KEY,
    title VARCHAR(150),
    genre VARCHAR(50),
    release_year INT,
    rating VARCHAR(20),
    duration_mins INT
);


CREATE TABLE Watch_History (
    watch_id INT PRIMARY KEY,
    user_id INT,
    content_id INT,
    watch_date DATE,
    watch_time_mins INT,
    device VARCHAR(50),
    rating_given DECIMAL(2,1),
    FOREIGN KEY (user_id) REFERENCES Users(user_id),
    FOREIGN KEY (content_id) REFERENCES Content(content_id)
);

INSERT INTO Users VALUES
(1, 'Jonathan Parker', 19, 'Japan', 'Premium', '2026-02-20'),
(2, 'Tara Warner', 18, 'Germany', 'Basic', '2024-07-29'),
(3, 'Natasha Rowe', 31, 'Australia', 'Premium', '2025-05-30'),
(4, 'Kelly Reynolds', 19, 'UK', 'Basic', '2025-11-16'),
(5, 'Brandon Alexander', 35, 'India', 'Premium', '2023-07-01'),
(6, 'Dominique Hoover', 26, 'Canada', 'Standard', '2023-11-02'),
(7, 'Michael Perez', 22, 'USA', 'Basic', '2025-01-27'),
(8, 'Chase Lee', 44, 'Australia', 'Premium', '2025-02-13'),
(9, 'Daniel Cantrell', 40, 'UK', 'Premium', '2023-11-09'),
(10, 'Nicole Finley DDS', 37, 'India', 'Premium', '2024-05-17'),
(11, 'Adam Adams', 28, 'Australia', 'Standard', '2026-01-23'),
(12, 'Diana Mcintosh', 54, 'USA', 'Standard', '2025-11-19'),
(13, 'Ryan Martinez', 33, 'Australia', 'Premium', '2025-08-14'),
(14, 'Crystal Fields', 21, 'Germany', 'Premium', '2025-10-23'),
(15, 'Patrick Chavez', 38, 'Australia', 'Premium', '2024-09-23'),
(16, 'Shawn Smith', 34, 'UK', 'Basic', '2024-07-16'),
(17, 'Jessica Brown', 41, 'Canada', 'Standard', '2023-07-05'),
(18, 'Edward Nguyen', 36, 'India', 'Basic', '2026-01-11'),
(19, 'Heidi Matthews', 46, 'Japan', 'Premium', '2023-08-11'),
(20, 'Stephen Klein', 26, 'Australia', 'Premium', '2026-04-14'),
(21, 'Susan Beck', 48, 'Germany', 'Premium', '2025-10-05'),
(22, 'Denise Huynh', 43, 'UK', 'Standard', '2023-11-26'),
(23, 'Troy Salazar', 51, 'Japan', 'Basic', '2023-05-26'),
(24, 'Kevin Mccann', 30, 'UK', 'Standard', '2025-10-08'),
(25, 'Rose Lee', 49, 'UK', 'Premium', '2024-06-13'),
(26, 'Brooke Joseph', 48, 'USA', 'Premium', '2025-11-18'),
(27, 'Donald Reed', 35, 'Canada', 'Basic', '2024-02-06'),
(28, 'Scott Flores', 18, 'Australia', 'Standard', '2026-05-04'),
(29, 'Krista Montgomery', 39, 'Canada', 'Basic', '2025-09-16'),
(30, 'Tammy Malone', 39, 'India', 'Premium', '2023-11-03'),
(31, 'Raymond Hernandez', 43, 'USA', 'Premium', '2025-09-14'),
(32, 'Robert Perry', 48, 'Australia', 'Standard', '2023-08-19'),
(33, 'Jessica Gonzalez', 30, 'USA', 'Premium', '2024-12-26'),
(34, 'Tonya Norman', 35, 'UK', 'Basic', '2025-11-14'),
(35, 'Eric Hess', 48, 'Japan', 'Premium', '2025-11-03'),
(36, 'Michael Barr', 30, 'Germany', 'Basic', '2025-12-24'),
(37, 'Joshua Reynolds', 30, 'Japan', 'Basic', '2025-01-22'),
(38, 'Jason Evans', 49, 'Australia', 'Premium', '2025-02-26'),
(39, 'Amanda Cooper', 48, 'India', 'Standard', '2026-04-18'),
(40, 'Erica Howard', 55, 'India', 'Standard', '2025-07-03'),
(41, 'John Parks', 53, 'USA', 'Standard', '2025-01-05'),
(42, 'Joseph Beck', 55, 'Japan', 'Standard', '2024-03-13'),
(43, 'Joel Roach', 35, 'Canada', 'Basic', '2024-09-09'),
(44, 'Cynthia White', 34, 'Japan', 'Basic', '2024-10-14'),
(45, 'Elizabeth Martinez', 32, 'Canada', 'Premium', '2025-05-17'),
(46, 'Mackenzie Hayden', 35, 'Japan', 'Premium', '2023-11-22'),
(47, 'David Lee', 35, 'Australia', 'Premium', '2024-01-05'),
(48, 'Sarah Green', 55, 'India', 'Premium', '2025-04-23'),
(49, 'Jennifer Crane DDS', 55, 'USA', 'Basic', '2023-09-04'),
(50, 'Brian Mullins', 47, 'India', 'Premium', '2024-10-19');
INSERT INTO Content VALUES
(1, 'Show_1', 'Thriller', 2023, 'U', 133),
(2, 'Show_2', 'Action', 2019, 'A', 175),
(3, 'Show_3', 'Comedy', 2021, 'U', 97),
(4, 'Show_4', 'Romance', 2015, 'U/A 16+', 89),
(5, 'Show_5', 'Thriller', 2018, 'U/A 13+', 108),
(6, 'Show_6', 'Horror', 2016, 'U/A 16+', 120),
(7, 'Show_7', 'Action', 2025, 'U/A 16+', 173),
(8, 'Show_8', 'Documentary', 2015, 'A', 86),
(9, 'Show_9', 'Action', 2021, 'U/A 16+', 96),
(10, 'Show_10', 'Horror', 2025, 'U/A 16+', 152),
(11, 'Show_11', 'Thriller', 2024, 'U', 159),
(12, 'Show_12', 'Horror', 2015, 'U/A 16+', 85),
(13, 'Show_13', 'Comedy', 2019, 'U', 143),
(14, 'Show_14', 'Romance', 2020, 'U/A 16+', 125),
(15, 'Show_15', 'Thriller', 2018, 'U/A 13+', 132),
(16, 'Show_16', 'Horror', 2022, 'U/A 16+', 91),
(17, 'Show_17', 'Drama', 2026, 'U/A 16+', 113),
(18, 'Show_18', 'Thriller', 2020, 'U/A 13+', 118),
(19, 'Show_19', 'Action', 2023, 'U/A 16+', 109),
(20, 'Show_20', 'Romance', 2018, 'U/A 13+', 128),
(21, 'Show_21', 'Sci-Fi', 2016, 'U/A 13+', 101),
(22, 'Show_22', 'Documentary', 2017, 'U/A 16+', 146),
(23, 'Show_23', 'Documentary', 2019, 'U/A 13+', 144),
(24, 'Show_24', 'Horror', 2024, 'U/A 13+', 83),
(25, 'Show_25', 'Comedy', 2020, 'U/A 13+', 86),
(26, 'Show_26', 'Romance', 2023, 'U', 124),
(27, 'Show_27', 'Documentary', 2015, 'U/A 16+', 95),
(28, 'Show_28', 'Documentary', 2024, 'U', 89),
(29, 'Show_29', 'Horror', 2022, 'U/A 16+', 133),
(30, 'Show_30', 'Thriller', 2016, 'U/A 16+', 73);
INSERT INTO Watch_History VALUES
(1, 40, 26, '2025-06-01', 29, 'Mobile', 3.2),
(2, 35, 29, '2024-04-13', 127, 'Laptop', 3.5),
(3, 2, 26, '2026-02-10', 44, 'Mobile', 4.1),
(4, 39, 6, '2024-10-11', 180, 'Laptop', 4.7),
(5, 50, 7, '2025-07-17', 125, 'Tablet', 4.1),
(6, 3, 17, '2025-08-01', 65, 'Mobile', 3.8),
(7, 9, 1, '2025-03-02', 50, 'Laptop', 4.0),
(8, 11, 27, '2024-07-03', 43, 'Smart TV', 3.7),
(9, 9, 2, '2024-04-08', 97, 'Mobile', 3.8),
(10, 40, 11, '2026-01-13', 34, 'Smart TV', 3.6),
(11, 40, 13, '2026-02-05', 175, 'Mobile', 4.2),
(12, 29, 10, '2024-02-02', 146, 'Smart TV', 3.2),
(13, 5, 23, '2024-01-28', 89, 'Laptop', 4.0),
(14, 33, 4, '2024-08-06', 27, 'Mobile', 2.7),
(15, 14, 11, '2024-08-06', 84, 'Tablet', 4.0),
(16, 20, 28, '2025-12-18', 101, 'Mobile', 2.8),
(17, 5, 25, '2024-04-18', 144, 'Tablet', 2.8),
(18, 46, 8, '2024-06-21', 118, 'Laptop', 3.1),
(19, 23, 24, '2024-09-19', 172, 'Tablet', 3.2),
(20, 35, 3, '2025-09-04', 28, 'Smart TV', 3.2),
(21, 16, 21, '2024-05-26', 87, 'Laptop', 4.8),
(22, 44, 29, '2024-04-18', 48, 'Mobile', 2.7),
(23, 5, 27, '2024-05-26', 53, 'Tablet', 3.8),
(24, 31, 1, '2025-07-26', 33, 'Laptop', 3.4),
(25, 50, 12, '2025-05-01', 30, 'Laptop', 4.9),
(26, 1, 17, '2025-08-18', 102, 'Smart TV', 3.9),
(27, 31, 16, '2024-03-23', 93, 'Mobile', 4.4),
(28, 12, 26, '2024-11-24', 104, 'Smart TV', 3.0),
(29, 21, 12, '2024-01-26', 23, 'Mobile', 4.0),
(30, 46, 29, '2025-02-27', 62, 'Mobile', 3.8),
(31, 39, 25, '2024-06-22', 92, 'Mobile', 2.8),
(32, 1, 23, '2025-11-03', 33, 'Laptop', 4.6),
(33, 42, 21, '2024-04-23', 95, 'Laptop', 4.6),
(34, 8, 26, '2025-07-20', 34, 'Mobile', 3.3),
(35, 41, 6, '2024-05-19', 113, 'Smart TV', 4.4),
(36, 17, 9, '2025-03-05', 124, 'Smart TV', 4.4),
(37, 25, 14, '2025-07-28', 99, 'Smart TV', 3.2),
(38, 44, 28, '2024-07-21', 112, 'Smart TV', 4.2),
(39, 46, 2, '2025-01-22', 36, 'Mobile', 4.0),
(40, 17, 20, '2025-07-30', 47, 'Smart TV', 2.5),
(41, 18, 3, '2025-11-20', 57, 'Smart TV', 3.3),
(42, 43, 23, '2025-05-29', 157, 'Tablet', 4.7),
(43, 5, 12, '2024-04-08', 88, 'Mobile', 2.9),
(44, 47, 5, '2025-08-07', 95, 'Tablet', 3.2),
(45, 12, 23, '2024-06-26', 156, 'Tablet', 3.6),
(46, 37, 27, '2026-03-05', 75, 'Tablet', 2.9),
(47, 31, 3, '2025-01-13', 143, 'Laptop', 2.6),
(48, 15, 10, '2025-11-13', 121, 'Mobile', 2.7),
(49, 10, 29, '2024-12-20', 24, 'Smart TV', 4.9),
(50, 13, 5, '2025-01-03', 127, 'Tablet', 4.8),
(51, 29, 12, '2025-07-11', 146, 'Mobile', 4.6),
(52, 12, 24, '2024-01-07', 131, 'Tablet', 4.4),
(53, 11, 2, '2024-07-05', 82, 'Mobile', 3.2),
(54, 25, 21, '2024-01-02', 140, 'Laptop', 4.1),
(55, 2, 11, '2026-02-17', 27, 'Laptop', 2.5),
(56, 13, 13, '2026-03-09', 118, 'Tablet', 4.6),
(57, 39, 16, '2024-12-22', 149, 'Mobile', 3.9),
(58, 27, 23, '2025-06-26', 140, 'Mobile', 3.5),
(59, 3, 29, '2024-01-27', 69, 'Smart TV', 4.9),
(60, 38, 24, '2025-01-19', 168, 'Mobile', 3.9),
(61, 37, 7, '2025-08-29', 111, 'Mobile', 4.2),
(62, 5, 23, '2026-04-26', 26, 'Mobile', 2.9),
(63, 42, 27, '2024-09-10', 95, 'Smart TV', 4.3),
(64, 28, 1, '2025-04-16', 129, 'Laptop', 4.0),
(65, 25, 11, '2025-10-03', 120, 'Smart TV', 4.8),
(66, 29, 24, '2024-12-07', 78, 'Smart TV', 4.1),
(67, 28, 2, '2025-07-14', 72, 'Mobile', 4.4),
(68, 36, 2, '2024-10-26', 51, 'Mobile', 3.1),
(69, 12, 30, '2024-10-17', 173, 'Smart TV', 3.8),
(70, 28, 8, '2024-10-04', 37, 'Tablet', 4.5),
(71, 12, 18, '2026-03-21', 144, 'Smart TV', 4.6),
(72, 23, 11, '2024-08-12', 68, 'Mobile', 3.8),
(73, 11, 19, '2025-11-24', 66, 'Tablet', 2.6),
(74, 43, 20, '2026-03-27', 168, 'Tablet', 2.9),
(75, 26, 26, '2026-03-28', 122, 'Tablet', 3.0),
(76, 42, 5, '2025-01-31', 60, 'Tablet', 2.9),
(77, 13, 5, '2025-12-21', 167, 'Laptop', 4.3),
(78, 37, 28, '2024-05-09', 105, 'Laptop', 4.0),
(79, 6, 16, '2025-07-17', 134, 'Tablet', 4.4),
(80, 12, 24, '2024-09-24', 62, 'Laptop', 2.7),
(81, 43, 11, '2025-03-18', 26, 'Tablet', 4.7),
(82, 34, 6, '2025-06-07', 77, 'Tablet', 2.5),
(83, 7, 28, '2025-06-18', 128, 'Mobile', 2.6),
(84, 23, 5, '2026-04-04', 49, 'Mobile', 4.1),
(85, 40, 8, '2025-02-05', 135, 'Mobile', 4.9),
(86, 29, 16, '2024-11-17', 44, 'Mobile', 3.9),
(87, 12, 24, '2025-09-17', 177, 'Tablet', 4.8),
(88, 19, 18, '2025-05-20', 56, 'Laptop', 3.9),
(89, 44, 16, '2025-09-19', 63, 'Tablet', 2.6),
(90, 21, 25, '2025-01-15', 143, 'Laptop', 3.8),
(91, 43, 13, '2026-02-20', 114, 'Mobile', 3.8),
(92, 11, 9, '2025-06-16', 46, 'Mobile', 4.9),
(93, 49, 7, '2025-09-15', 157, 'Smart TV', 4.7),
(94, 12, 24, '2025-11-22', 126, 'Laptop', 3.1),
(95, 30, 29, '2025-06-01', 57, 'Smart TV', 3.9),
(96, 39, 6, '2024-12-10', 41, 'Tablet', 3.0),
(97, 38, 26, '2025-06-22', 42, 'Smart TV', 2.6),
(98, 11, 23, '2026-04-17', 83, 'Laptop', 3.2),
(99, 23, 16, '2024-05-30', 162, 'Laptop', 4.1),
(100, 41, 11, '2026-01-10', 152, 'Tablet', 3.1),
(101, 38, 25, '2024-07-22', 126, 'Mobile', 4.5),
(102, 43, 17, '2026-01-18', 52, 'Tablet', 4.1),
(103, 41, 2, '2024-09-17', 39, 'Mobile', 4.7),
(104, 14, 23, '2025-09-16', 65, 'Tablet', 2.5),
(105, 36, 8, '2024-04-17', 147, 'Tablet', 3.4),
(106, 3, 10, '2025-09-26', 43, 'Tablet', 3.5),
(107, 26, 7, '2024-10-19', 88, 'Laptop', 4.2),
(108, 2, 3, '2024-02-07', 147, 'Smart TV', 4.8),
(109, 42, 21, '2024-08-17', 179, 'Laptop', 4.6),
(110, 2, 18, '2025-04-02', 114, 'Tablet', 3.4),
(111, 36, 16, '2024-10-18', 41, 'Mobile', 3.3),
(112, 13, 7, '2025-08-04', 59, 'Mobile', 4.9),
(113, 45, 27, '2025-06-23', 133, 'Laptop', 3.5),
(114, 34, 21, '2026-02-14', 146, 'Mobile', 3.9),
(115, 39, 25, '2026-03-11', 33, 'Tablet', 3.6),
(116, 21, 7, '2025-02-08', 37, 'Mobile', 4.5),
(117, 10, 24, '2024-11-07', 107, 'Laptop', 4.9),
(118, 21, 13, '2026-04-13', 160, 'Laptop', 2.7),
(119, 13, 4, '2024-10-25', 67, 'Smart TV', 2.9),
(120, 35, 20, '2024-04-11', 135, 'Tablet', 4.0),
(121, 18, 15, '2024-08-27', 100, 'Mobile', 3.7),
(122, 41, 21, '2024-07-28', 159, 'Laptop', 2.7),
(123, 33, 27, '2025-06-30', 111, 'Mobile', 2.5),
(124, 39, 8, '2026-02-15', 59, 'Laptop', 4.3),
(125, 19, 2, '2025-05-07', 60, 'Smart TV', 3.7),
(126, 21, 10, '2025-11-02', 36, 'Laptop', 4.6),
(127, 14, 6, '2026-01-16', 161, 'Laptop', 3.3),
(128, 8, 7, '2024-01-10', 114, 'Mobile', 2.5),
(129, 12, 12, '2024-02-13', 116, 'Laptop', 4.8),
(130, 42, 16, '2026-01-28', 132, 'Mobile', 3.7),
(131, 7, 29, '2024-02-08', 20, 'Tablet', 3.4),
(132, 46, 15, '2024-03-07', 48, 'Tablet', 4.0),
(133, 12, 13, '2025-05-20', 146, 'Laptop', 3.8),
(134, 33, 19, '2024-11-01', 116, 'Tablet', 3.7),
(135, 27, 7, '2024-07-02', 93, 'Tablet', 4.0),
(136, 42, 7, '2024-03-25', 175, 'Laptop', 2.9),
(137, 43, 5, '2026-01-09', 92, 'Laptop', 2.9),
(138, 18, 26, '2025-05-19', 64, 'Mobile', 3.6),
(139, 22, 11, '2026-03-19', 32, 'Laptop', 3.1),
(140, 5, 20, '2024-04-06', 72, 'Laptop', 2.8),
(141, 7, 18, '2024-03-10', 33, 'Tablet', 4.4),
(142, 28, 7, '2025-03-25', 134, 'Smart TV', 3.1),
(143, 44, 4, '2025-05-26', 162, 'Tablet', 4.4),
(144, 12, 20, '2024-02-05', 143, 'Mobile', 3.5),
(145, 44, 14, '2025-09-20', 70, 'Laptop', 4.1),
(146, 6, 21, '2024-09-18', 166, 'Tablet', 3.2),
(147, 15, 8, '2026-04-13', 39, 'Laptop', 3.1),
(148, 1, 30, '2025-10-31', 141, 'Smart TV', 2.6),
(149, 17, 10, '2025-09-29', 146, 'Mobile', 3.1),
(150, 46, 28, '2025-04-01', 169, 'Laptop', 3.3),
(151, 10, 9, '2025-09-01', 69, 'Smart TV', 4.5),
(152, 21, 30, '2026-01-01', 81, 'Mobile', 4.2),
(153, 9, 23, '2024-11-30', 96, 'Laptop', 4.3),
(154, 7, 3, '2025-08-16', 156, 'Smart TV', 4.9),
(155, 11, 23, '2024-09-04', 23, 'Mobile', 4.0),
(156, 25, 13, '2026-02-19', 52, 'Smart TV', 4.4),
(157, 8, 19, '2025-01-09', 137, 'Laptop', 4.6),
(158, 19, 26, '2025-10-14', 68, 'Tablet', 4.2),
(159, 7, 15, '2024-11-02', 94, 'Smart TV', 3.2),
(160, 40, 13, '2025-03-18', 39, 'Mobile', 4.2),
(161, 37, 6, '2025-10-10', 167, 'Mobile', 4.2),
(162, 3, 6, '2025-01-01', 66, 'Tablet', 2.8),
(163, 6, 11, '2025-05-03', 26, 'Laptop', 4.8),
(164, 38, 6, '2025-01-30', 65, 'Mobile', 3.0),
(165, 46, 27, '2024-03-31', 110, 'Laptop', 3.8),
(166, 39, 30, '2025-10-31', 81, 'Mobile', 4.0),
(167, 1, 29, '2025-03-18', 113, 'Tablet', 2.8),
(168, 41, 11, '2024-06-14', 114, 'Smart TV', 2.6),
(169, 26, 28, '2025-06-07', 87, 'Laptop', 3.9),
(170, 1, 30, '2024-12-30', 22, 'Laptop', 2.6),
(171, 4, 28, '2026-01-11', 87, 'Laptop', 2.6),
(172, 37, 15, '2025-11-07', 45, 'Mobile', 4.5),
(173, 25, 14, '2025-04-04', 46, 'Laptop', 3.4),
(174, 43, 17, '2024-12-12', 49, 'Laptop', 3.3),
(175, 28, 22, '2025-09-30', 173, 'Tablet', 3.9),
(176, 38, 22, '2025-11-09', 110, 'Mobile', 4.9),
(177, 41, 18, '2024-09-22', 145, 'Smart TV', 4.5),
(178, 11, 8, '2025-06-30', 48, 'Smart TV', 4.3),
(179, 6, 12, '2025-04-07', 115, 'Laptop', 4.2),
(180, 47, 29, '2024-11-10', 96, 'Smart TV', 4.8),
(181, 8, 6, '2025-04-24', 96, 'Mobile', 2.9),
(182, 30, 24, '2024-12-11', 32, 'Mobile', 3.3),
(183, 29, 30, '2025-09-06', 147, 'Mobile', 3.9),
(184, 9, 15, '2025-10-02', 61, 'Mobile', 4.7),
(185, 42, 8, '2024-12-04', 170, 'Tablet', 3.0),
(186, 32, 26, '2025-09-27', 114, 'Tablet', 4.1),
(187, 21, 14, '2024-03-28', 134, 'Smart TV', 3.3),
(188, 1, 11, '2024-09-22', 81, 'Mobile', 4.2),
(189, 10, 2, '2025-11-20', 21, 'Laptop', 3.5),
(190, 5, 13, '2025-05-28', 60, 'Laptop', 4.7),
(191, 36, 15, '2024-09-16', 49, 'Tablet', 2.8),
(192, 32, 20, '2025-09-16', 49, 'Mobile', 3.2),
(193, 29, 5, '2025-05-19', 121, 'Mobile', 4.2),
(194, 32, 28, '2024-04-22', 135, 'Smart TV', 3.6),
(195, 34, 27, '2025-09-08', 69, 'Mobile', 3.1),
(196, 38, 26, '2025-09-25', 114, 'Smart TV', 2.7),
(197, 12, 16, '2024-01-23', 55, 'Mobile', 2.9),
(198, 9, 1, '2025-06-26', 21, 'Laptop', 3.5),
(199, 28, 23, '2025-07-28', 127, 'Smart TV', 2.7),
(200, 30, 13, '2024-08-12', 118, 'Smart TV', 3.0),
(201, 46, 11, '2025-07-06', 158, 'Smart TV', 4.2),
(202, 9, 10, '2024-04-25', 39, 'Smart TV', 4.6),
(203, 3, 21, '2025-12-25', 125, 'Mobile', 3.1),
(204, 29, 6, '2024-05-29', 43, 'Tablet', 4.7),
(205, 42, 12, '2025-03-24', 42, 'Smart TV', 4.4),
(206, 7, 3, '2024-04-17', 108, 'Tablet', 4.5),
(207, 5, 14, '2024-04-28', 123, 'Mobile', 3.8),
(208, 29, 30, '2025-02-15', 62, 'Mobile', 3.9),
(209, 48, 30, '2024-04-06', 129, 'Tablet', 4.6),
(210, 41, 30, '2024-09-21', 34, 'Smart TV', 4.2),
(211, 49, 26, '2024-08-08', 167, 'Mobile', 4.3),
(212, 29, 3, '2025-05-27', 139, 'Smart TV', 4.5),
(213, 50, 4, '2025-01-04', 173, 'Laptop', 2.6),
(214, 48, 15, '2026-02-15', 75, 'Smart TV', 2.6),
(215, 4, 26, '2025-05-17', 145, 'Smart TV', 2.6),
(216, 12, 5, '2024-09-29', 107, 'Smart TV', 3.5),
(217, 31, 12, '2025-08-09', 164, 'Mobile', 3.1),
(218, 12, 9, '2025-07-15', 163, 'Smart TV', 4.6),
(219, 2, 7, '2024-10-03', 154, 'Tablet', 3.0),
(220, 19, 8, '2024-01-25', 68, 'Mobile', 3.3),
(221, 4, 13, '2025-09-22', 155, 'Laptop', 2.9),
(222, 28, 21, '2024-05-16', 93, 'Tablet', 3.5),
(223, 21, 19, '2025-06-29', 145, 'Tablet', 3.1),
(224, 2, 4, '2024-03-20', 100, 'Laptop', 3.2),
(225, 48, 26, '2025-07-06', 55, 'Laptop', 3.8),
(226, 11, 13, '2025-08-04', 107, 'Laptop', 5.0),
(227, 13, 11, '2025-07-04', 57, 'Laptop', 3.8),
(228, 26, 14, '2026-04-22', 35, 'Smart TV', 5.0),
(229, 28, 15, '2025-01-13', 49, 'Tablet', 3.5),
(230, 41, 25, '2024-11-27', 129, 'Mobile', 3.4),
(231, 5, 21, '2025-11-02', 100, 'Tablet', 4.5),
(232, 29, 13, '2024-05-07', 68, 'Laptop', 2.9),
(233, 46, 17, '2025-08-06', 52, 'Laptop', 4.3),
(234, 46, 5, '2025-04-26', 99, 'Tablet', 3.0),
(235, 39, 10, '2025-06-26', 40, 'Tablet', 4.9),
(236, 20, 1, '2026-02-11', 22, 'Smart TV', 3.5),
(237, 16, 13, '2025-08-28', 144, 'Smart TV', 3.4),
(238, 14, 27, '2025-02-01', 55, 'Laptop', 4.6),
(239, 2, 3, '2025-03-26', 148, 'Smart TV', 3.6),
(240, 41, 18, '2024-06-20', 24, 'Tablet', 3.6),
(241, 5, 19, '2024-08-13', 107, 'Smart TV', 3.1),
(242, 2, 25, '2026-04-05', 99, 'Mobile', 3.7),
(243, 35, 18, '2024-06-27', 109, 'Tablet', 4.8),
(244, 50, 16, '2025-07-22', 67, 'Tablet', 4.7),
(245, 37, 13, '2024-03-22', 153, 'Laptop', 3.4),
(246, 4, 18, '2024-07-20', 28, 'Smart TV', 2.8),
(247, 35, 22, '2024-01-29', 80, 'Tablet', 3.5),
(248, 45, 27, '2025-01-16', 129, 'Mobile', 4.3),
(249, 49, 14, '2024-10-14', 29, 'Tablet', 2.6),
(250, 12, 9, '2026-02-16', 49, 'Mobile', 3.1),
(251, 18, 30, '2024-06-07', 126, 'Tablet', 3.9),
(252, 2, 26, '2026-04-17', 99, 'Smart TV', 4.0),
(253, 20, 21, '2025-03-26', 107, 'Tablet', 4.0),
(254, 50, 20, '2025-09-22', 89, 'Smart TV', 4.6),
(255, 18, 24, '2026-01-14', 94, 'Smart TV', 3.3),
(256, 34, 4, '2024-02-27', 85, 'Smart TV', 4.9),
(257, 19, 10, '2025-05-15', 42, 'Mobile', 3.1),
(258, 16, 19, '2024-02-12', 123, 'Smart TV', 3.0),
(259, 16, 15, '2025-01-07', 133, 'Tablet', 3.5),
(260, 50, 22, '2026-01-30', 131, 'Smart TV', 3.8),
(261, 19, 7, '2024-02-24', 88, 'Tablet', 2.6),
(262, 30, 9, '2025-05-02', 92, 'Tablet', 3.2),
(263, 50, 30, '2024-07-23', 117, 'Smart TV', 3.2),
(264, 37, 23, '2025-01-16', 160, 'Tablet', 4.3),
(265, 36, 20, '2024-10-23', 162, 'Mobile', 3.7),
(266, 39, 14, '2025-09-26', 90, 'Mobile', 2.7),
(267, 31, 15, '2026-02-18', 175, 'Smart TV', 4.5),
(268, 6, 7, '2025-06-23', 39, 'Smart TV', 2.6),
(269, 31, 17, '2024-05-11', 84, 'Mobile', 4.4),
(270, 46, 5, '2025-04-23', 68, 'Laptop', 3.7),
(271, 47, 25, '2024-12-29', 39, 'Tablet', 3.3),
(272, 1, 10, '2024-07-04', 31, 'Smart TV', 3.2),
(273, 46, 29, '2025-07-09', 119, 'Smart TV', 2.6),
(274, 43, 19, '2025-03-12', 161, 'Tablet', 4.4),
(275, 46, 18, '2024-09-18', 142, 'Mobile', 3.4),
(276, 26, 26, '2024-12-09', 79, 'Tablet', 2.8),
(277, 37, 16, '2025-12-15', 53, 'Mobile', 2.5),
(278, 41, 20, '2024-05-18', 21, 'Laptop', 4.7),
(279, 21, 16, '2025-02-23', 86, 'Mobile', 4.2),
(280, 2, 25, '2026-02-28', 174, 'Tablet', 4.8),
(281, 3, 24, '2026-04-12', 65, 'Mobile', 2.7),
(282, 6, 19, '2024-01-29', 29, 'Tablet', 3.7),
(283, 6, 11, '2025-08-18', 127, 'Smart TV', 4.2),
(284, 34, 9, '2024-05-05', 165, 'Smart TV', 3.2),
(285, 50, 24, '2024-06-24', 152, 'Smart TV', 2.6),
(286, 6, 13, '2026-03-30', 88, 'Tablet', 4.1),
(287, 40, 16, '2024-10-07', 74, 'Smart TV', 4.0),
(288, 2, 1, '2024-10-05', 136, 'Mobile', 3.3),
(289, 20, 30, '2024-02-13', 91, 'Tablet', 3.2),
(290, 1, 30, '2024-12-30', 124, 'Tablet', 2.9),
(291, 3, 22, '2025-04-18', 155, 'Mobile', 3.5),
(292, 10, 9, '2024-01-08', 60, 'Smart TV', 4.0),
(293, 40, 28, '2025-09-04', 142, 'Laptop', 3.9),
(294, 35, 9, '2026-04-26', 96, 'Laptop', 4.1),
(295, 25, 22, '2026-03-16', 94, 'Tablet', 3.8),
(296, 12, 2, '2025-09-04', 144, 'Mobile', 2.7),
(297, 36, 6, '2025-01-02', 149, 'Smart TV', 2.9),
(298, 31, 22, '2025-03-15', 130, 'Mobile', 2.9),
(299, 35, 5, '2026-02-03', 129, 'Laptop', 4.7),
(300, 23, 24, '2026-03-07', 108, 'Smart TV', 3.0);